,logit_class_0,logit_class_1,prob_class_0,prob_class_1,prediction,label
0,2.1811345,-2.1262753,0.9867106,0.013289404,0,1
1,1.8987937,-2.124329,0.9824177,0.01758232,0,1
2,-3.1770203,3.619903,0.0011159603,0.998884,1,1
3,-3.4077754,3.9675248,0.0006261462,0.99937385,1,1
4,-1.3880299,1.8315396,0.038435895,0.9615641,1,1
5,1.3754355,-1.2377717,0.9317067,0.06829325,0,1
6,-1.8875629,2.2328982,0.015977599,0.9840224,1,1
